tx_id,user_id,transaction_time,amount,type
TX_0,USER_125,2026-05-22 19:16:00,-47.32,SEPA
TX_1,USER_130,2026-05-07 12:13:00,24.95,Digital Euro
TX_2,USER_102,2026-05-01 22:37:00,84.04,SEPA
TX_3,USER_135,2026-05-16 01:32:00,-82.7,Digital Euro
TX_4,USER_124,2026-05-16 03:59:00,147.23,SEPA
TX_5,USER_150,2026-05-04 20:34:00,50.23,SEPA
TX_6,USER_135,2026-05-11 21:43:00,162.22,SEPA
TX_7,USER_105,2026-05-25 11:17:00,24.47,Card
TX_8,USER_130,2026-05-20 11:27:00,-94.65,Digital Euro
TX_9,USER_105,2026-05-02 10:54:00,33.51,SEPA
TX_10,USER_132,2026-05-12 05:46:00,168.55,SEPA
TX_11,USER_142,2026-05-17 19:49:00,-109.66,Card
TX_12,USER_134,2026-05-16 05:38:00,44.62,SEPA
TX_13,USER_112,2026-05-08 11:17:00,137.7,Digital Euro
TX_14,USER_136,2026-05-26 10:05:00,-97.69,Digital Euro
TX_15,USER_125,2026-05-25 18:57:00,-131.02,Digital Euro
TX_16,USER_145,2026-05-16 21:01:00,-134.44,Digital Euro
TX_17,USER_132,2026-05-06 11:54:00,98.41,Card
TX_18,USER_113,2026-05-08 04:57:00,83.73,Card
TX_19,USER_141,2026-05-23 15:17:00,174.17,Digital Euro
TX_20,USER_115,2026-05-25 07:47:00,57.86,Digital Euro
TX_21,USER_106,2026-05-06 15:03:00,-51.65,SEPA
TX_22,USER_144,2026-05-20 19:31:00,124.83,Digital Euro
TX_23,USER_111,2026-05-18 10:59:00,-94.33,Card
TX_24,USER_103,2026-05-15 15:17:00,-31.46,Digital Euro
TX_25,USER_124,2026-05-22 08:28:00,49.62,Digital Euro
TX_26,USER_148,2026-05-02 12:25:00,71.51,SEPA
TX_27,USER_128,2026-05-02 20:05:00,119.96,Digital Euro
TX_28,USER_114,2026-05-24 15:01:00,-132.85,SEPA
TX_29,USER_144,2026-05-12 15:20:00,-40.4,SEPA
TX_30,USER_105,2026-05-17 03:45:00,-22.04,Digital Euro
TX_31,USER_104,2026-05-24 09:58:00,-147.74,Digital Euro
TX_32,USER_117,2026-05-07 13:40:00,193.26,Card
TX_33,USER_135,2026-05-25 15:57:00,197.46,Card
TX_34,USER_114,2026-05-13 20:23:00,47.69,SEPA
TX_35,USER_122,2026-05-20 19:47:00,58.71,Digital Euro
TX_36,USER_134,2026-05-11 19:03:00,-49.34,Digital Euro
TX_37,USER_128,2026-05-12 16:11:00,73.55,Digital Euro
TX_38,USER_139,2026-05-14 21:07:00,140.52,Card
TX_39,USER_143,2026-05-27 21:38:00,-144.38,SEPA
TX_40,USER_108,2026-05-08 07:32:00,104.42,Card
TX_41,USER_102,2026-05-28 01:47:00,-57.2,Digital Euro
TX_42,USER_143,2026-05-19 18:50:00,183.04,SEPA
TX_43,USER_131,2026-05-09 00:22:00,-140.46,Card
TX_44,USER_149,2026-05-01 01:21:00,141.99,Digital Euro
TX_45,USER_142,2026-05-12 14:09:00,-81.55,Card
TX_46,USER_127,2026-05-03 17:55:00,-43.43,Card
TX_47,USER_147,2026-05-06 00:22:00,91.67,Card
TX_48,USER_109,2026-05-22 23:37:00,154.13,Digital Euro
TX_49,USER_109,2026-05-20 22:43:00,171.46,Digital Euro
TX_50,USER_116,2026-05-04 09:22:00,43.09,SEPA
TX_51,USER_100,2026-05-12 08:16:00,-110.2,Card
TX_52,USER_124,2026-05-08 13:50:00,-35.31,Card
TX_53,USER_125,2026-05-04 20:59:00,111.92,Card
TX_54,USER_141,2026-05-08 16:09:00,18.97,Digital Euro
TX_55,USER_123,2026-05-11 08:01:00,-26.13,Card
TX_56,USER_148,2026-05-23 19:24:00,120.71,SEPA
TX_57,USER_114,2026-05-15 14:50:00,-74.88,Card
TX_58,USER_103,2026-05-15 20:24:00,3.15,Card
TX_59,USER_122,2026-05-04 04:37:00,145.94,Card
TX_60,USER_102,2026-05-01 16:00:00,186.2,Card
TX_61,USER_108,2026-05-08 01:59:00,-73.18,SEPA
TX_62,USER_136,2026-05-24 19:04:00,-27.33,Card
TX_63,USER_114,2026-05-14 09:19:00,-96.59,Card
TX_64,USER_116,2026-05-03 13:13:00,84.58,Card
TX_65,USER_134,2026-05-28 08:22:00,9.13,Digital Euro
TX_66,USER_139,2026-05-05 03:58:00,166.79,Digital Euro
TX_67,USER_103,2026-05-13 06:41:00,54.61,Digital Euro
TX_68,USER_143,2026-05-05 02:26:00,5.39,Digital Euro
TX_69,USER_150,2026-05-05 20:32:00,46.65,Digital Euro
TX_70,USER_126,2026-05-01 19:49:00,50.29,Digital Euro
TX_71,USER_104,2026-05-20 23:31:00,18.45,SEPA
TX_72,USER_135,2026-05-12 13:15:00,57.01,Card
TX_73,USER_113,2026-05-25 09:58:00,99.26,Digital Euro
TX_74,USER_130,2026-05-01 19:58:00,57.28,Digital Euro
TX_75,USER_131,2026-05-06 11:06:00,-10.21,SEPA
TX_76,USER_106,2026-05-01 23:33:00,132.95,SEPA
TX_77,USER_109,2026-05-15 00:08:00,-29.69,Card
TX_78,USER_128,2026-05-27 18:50:00,3.68,Card
TX_79,USER_140,2026-05-11 08:54:00,155.92,Card
TX_80,USER_101,2026-05-02 13:57:00,83.99,Card
TX_81,USER_125,2026-05-28 07:41:00,-147.64,Digital Euro
TX_82,USER_115,2026-05-14 09:54:00,46.52,Digital Euro
TX_83,USER_120,2026-05-03 12:06:00,-117.69,SEPA
TX_84,USER_143,2026-05-14 08:54:00,-87.38,Card
TX_85,USER_107,2026-05-22 22:15:00,19.38,Digital Euro
TX_86,USER_138,2026-05-01 00:14:00,2.25,Digital Euro
TX_87,USER_100,2026-05-28 11:16:00,102.83,Digital Euro
TX_88,USER_138,2026-05-15 19:14:00,199.37,SEPA
TX_89,USER_115,2026-05-23 04:06:00,95.09,SEPA
TX_90,USER_131,2026-05-10 12:52:00,113.73,Digital Euro
TX_91,USER_101,2026-05-15 19:56:00,-8.98,Digital Euro
TX_92,USER_149,2026-05-03 15:15:00,195.11,Card
TX_93,USER_146,2026-05-19 21:01:00,102.78,Digital Euro
TX_94,USER_101,2026-05-07 05:38:00,-19.24,Card
TX_95,USER_149,2026-05-26 07:11:00,141.46,Card
TX_96,USER_129,2026-05-23 08:06:00,137.91,SEPA
TX_97,USER_124,2026-05-14 08:19:00,16.34,Card
TX_98,USER_120,2026-05-21 01:22:00,103.02,Card
TX_99,USER_119,2026-05-17 23:04:00,167.57,Card
TX_100,USER_129,2026-05-05 08:14:00,147.67,Card
TX_101,USER_128,2026-05-18 16:07:00,132.82,SEPA
TX_102,USER_144,2026-05-27 16:14:00,-139.93,Digital Euro
TX_103,USER_110,2026-05-17 10:14:00,50.67,Card
TX_104,USER_115,2026-05-06 16:32:00,6.72,Digital Euro
TX_105,USER_107,2026-05-27 06:42:00,180.2,SEPA
TX_106,USER_106,2026-05-16 04:13:00,-103.26,SEPA
TX_107,USER_139,2026-05-12 11:08:00,-79.31,Card
TX_108,USER_111,2026-05-24 13:47:00,25.74,Digital Euro
TX_109,USER_141,2026-05-05 14:20:00,52.3,Digital Euro
TX_110,USER_109,2026-05-13 09:55:00,-38.4,Digital Euro
TX_111,USER_143,2026-05-13 14:24:00,47.49,SEPA
TX_112,USER_123,2026-05-16 12:51:00,121.89,Digital Euro
TX_113,USER_106,2026-05-18 08:46:00,8.96,SEPA
TX_114,USER_139,2026-05-27 09:59:00,-122.78,Card
TX_115,USER_105,2026-05-14 20:25:00,-23.31,Card
TX_116,USER_136,2026-05-13 20:45:00,184.24,Card
TX_117,USER_133,2026-05-28 09:15:00,48.33,Card
TX_118,USER_115,2026-05-16 13:37:00,180.03,Digital Euro
TX_119,USER_137,2026-05-11 15:43:00,90.57,SEPA
TX_120,USER_105,2026-05-15 06:50:00,-75.01,Digital Euro
TX_121,USER_103,2026-05-27 23:31:00,-45.13,Card
TX_122,USER_138,2026-05-04 05:51:00,182.4,Digital Euro
TX_123,USER_123,2026-05-26 10:13:00,146.13,Digital Euro
TX_124,USER_103,2026-05-03 03:18:00,-63.74,Digital Euro
TX_125,USER_149,2026-05-10 23:33:00,-135.28,SEPA
TX_126,USER_117,2026-05-13 11:44:00,157.74,Digital Euro
TX_127,USER_113,2026-05-20 14:46:00,-50.4,Card
TX_128,USER_149,2026-05-12 21:47:00,94.08,Card
TX_129,USER_114,2026-05-02 11:39:00,-148.14,SEPA
TX_130,USER_136,2026-05-15 20:38:00,159.34,Card
TX_131,USER_145,2026-05-01 18:33:00,26.88,SEPA
TX_132,USER_119,2026-05-16 22:23:00,161.96,SEPA
TX_133,USER_108,2026-05-24 15:45:00,109.79,Digital Euro
TX_134,USER_142,2026-05-18 23:45:00,180.55,Card
TX_135,USER_132,2026-05-20 21:35:00,-64.96,Digital Euro
TX_136,USER_104,2026-05-12 11:44:00,22.3,Digital Euro
TX_137,USER_140,2026-05-12 01:09:00,120.96,Digital Euro
TX_138,USER_139,2026-05-27 00:18:00,160.14,SEPA
TX_139,USER_118,2026-05-16 10:00:00,-38.92,Digital Euro
TX_140,USER_138,2026-05-17 15:28:00,137.3,SEPA
TX_141,USER_105,2026-05-09 09:48:00,-107.11,Card
TX_142,USER_141,2026-05-04 14:56:00,-110.1,Card
TX_143,USER_114,2026-05-24 14:45:00,-25.85,Digital Euro
TX_144,USER_141,2026-05-17 11:05:00,89.61,Digital Euro
TX_145,USER_116,2026-05-11 16:50:00,11.02,Card
TX_146,USER_107,2026-05-04 07:14:00,136.32,Card
TX_147,USER_112,2026-05-03 23:11:00,-30.11,Digital Euro
TX_148,USER_136,2026-05-23 10:32:00,-1.3,Digital Euro
TX_149,USER_144,2026-05-25 05:11:00,-3.49,Digital Euro
TX_150,USER_149,2026-05-17 05:45:00,-111.88,SEPA
TX_151,USER_128,2026-05-14 04:21:00,190.52,SEPA
TX_152,USER_133,2026-05-22 01:02:00,95.29,SEPA
TX_153,USER_136,2026-05-03 19:40:00,-122.51,Card
TX_154,USER_149,2026-05-21 20:11:00,-116.87,SEPA
TX_155,USER_138,2026-05-23 12:04:00,110.73,Card
TX_156,USER_114,2026-05-23 15:20:00,78.76,Digital Euro
TX_157,USER_123,2026-05-13 02:54:00,-97.2,Digital Euro
TX_158,USER_138,2026-05-09 11:17:00,191.75,Digital Euro
TX_159,USER_139,2026-05-06 12:34:00,-16.4,Card
TX_160,USER_105,2026-05-14 20:39:00,148.99,SEPA
TX_161,USER_133,2026-05-12 11:43:00,-33.6,Digital Euro
TX_162,USER_115,2026-05-21 19:23:00,-60.21,Digital Euro
TX_163,USER_122,2026-05-26 05:57:00,1.92,SEPA
TX_164,USER_119,2026-05-08 10:07:00,-9.77,Digital Euro
TX_165,USER_117,2026-05-16 08:31:00,56.19,Card
TX_166,USER_124,2026-05-18 08:00:00,58.2,Digital Euro
TX_167,USER_147,2026-05-17 15:07:00,149.76,Digital Euro
TX_168,USER_134,2026-05-27 14:00:00,-53.32,Digital Euro
TX_169,USER_144,2026-05-21 12:06:00,139.29,SEPA
TX_170,USER_142,2026-05-25 12:43:00,-107.58,Digital Euro
TX_171,USER_139,2026-05-21 08:00:00,-79.98,Digital Euro
TX_172,USER_131,2026-05-28 08:52:00,-120.37,SEPA
TX_173,USER_116,2026-05-09 06:49:00,195.45,Digital Euro
TX_174,USER_141,2026-05-06 20:14:00,-26.81,SEPA
TX_175,USER_143,2026-05-19 00:33:00,128.29,Card
TX_176,USER_110,2026-05-08 07:29:00,-103.81,Digital Euro
TX_177,USER_141,2026-05-15 14:59:00,-70.88,Card
TX_178,USER_111,2026-05-09 00:56:00,50.44,SEPA
TX_179,USER_126,2026-05-04 16:25:00,-30.62,Card
TX_180,USER_144,2026-05-08 18:22:00,77.1,SEPA
TX_181,USER_101,2026-05-18 15:18:00,68.52,Digital Euro
TX_182,USER_122,2026-05-15 20:35:00,94.31,SEPA
TX_183,USER_101,2026-05-12 08:52:00,185.21,SEPA
TX_184,USER_134,2026-05-20 16:39:00,32.8,Card
TX_185,USER_149,2026-05-07 20:30:00,48.32,Card
TX_186,USER_131,2026-05-27 00:54:00,82.01,Card
TX_187,USER_113,2026-05-13 13:28:00,-83.76,Digital Euro
TX_188,USER_147,2026-05-22 02:23:00,52.57,SEPA
TX_189,USER_140,2026-05-16 06:22:00,19.68,SEPA
TX_190,USER_148,2026-05-23 08:58:00,-36.94,Digital Euro
TX_191,USER_102,2026-05-01 00:23:00,161.42,Card
TX_192,USER_141,2026-05-14 08:38:00,45.48,SEPA
TX_193,USER_134,2026-05-15 16:12:00,-136.74,Card
TX_194,USER_104,2026-05-19 08:50:00,-78.19,Digital Euro
TX_195,USER_115,2026-05-01 02:04:00,138.42,Card
TX_196,USER_106,2026-05-15 05:25:00,196.46,Digital Euro
TX_197,USER_112,2026-05-04 22:03:00,157.42,SEPA
TX_198,USER_120,2026-05-04 22:03:00,5.9,SEPA
TX_199,USER_113,2026-05-26 02:52:00,-59.18,SEPA
TX_200,USER_133,2026-05-19 14:31:00,-143.7,Card
TX_201,USER_101,2026-05-20 07:19:00,-98.75,SEPA
TX_202,USER_108,2026-05-18 05:35:00,-137.35,Digital Euro
TX_203,USER_133,2026-05-17 10:23:00,150.12,SEPA
TX_204,USER_145,2026-05-22 09:42:00,55.81,Card
TX_205,USER_120,2026-05-25 16:24:00,193.37,Card
TX_206,USER_103,2026-05-14 10:10:00,-132.5,Digital Euro
TX_207,USER_149,2026-05-02 02:38:00,-136.81,Card
TX_208,USER_114,2026-05-03 19:52:00,106.04,Digital Euro
TX_209,USER_119,2026-05-06 23:30:00,154.33,Card
TX_210,USER_113,2026-05-24 23:34:00,-55.43,SEPA
TX_211,USER_136,2026-05-21 03:09:00,-129.9,Digital Euro
TX_212,USER_107,2026-05-06 16:47:00,-91.09,SEPA
TX_213,USER_147,2026-05-04 08:18:00,36.13,Digital Euro
TX_214,USER_109,2026-05-24 05:21:00,124.68,SEPA
TX_215,USER_108,2026-05-27 02:05:00,-124.0,SEPA
TX_216,USER_105,2026-05-26 16:52:00,39.99,Digital Euro
TX_217,USER_121,2026-05-02 13:34:00,-139.83,SEPA
TX_218,USER_104,2026-05-21 08:35:00,165.4,SEPA
TX_219,USER_116,2026-05-23 16:39:00,112.63,Card
TX_220,USER_147,2026-05-24 01:27:00,-73.44,Card
TX_221,USER_134,2026-05-02 02:45:00,-63.08,Card
TX_222,USER_124,2026-05-20 23:19:00,-2.09,Digital Euro
TX_223,USER_108,2026-05-10 06:44:00,-145.53,Card
TX_224,USER_146,2026-05-24 06:32:00,35.47,Card
TX_225,USER_141,2026-05-16 11:46:00,174.61,Digital Euro
TX_226,USER_144,2026-05-01 21:49:00,80.07,Card
TX_227,USER_109,2026-05-08 02:19:00,-17.4,Card
TX_228,USER_139,2026-05-01 22:39:00,-12.24,Digital Euro
TX_229,USER_118,2026-05-13 03:21:00,-93.98,Digital Euro
TX_230,USER_139,2026-05-03 22:47:00,85.72,SEPA
TX_231,USER_104,2026-05-23 10:05:00,24.18,SEPA
TX_232,USER_146,2026-05-05 00:08:00,43.01,SEPA
TX_233,USER_124,2026-05-11 10:05:00,68.48,Digital Euro
TX_234,USER_105,2026-05-01 17:42:00,-134.39,SEPA
TX_235,USER_128,2026-05-14 01:34:00,141.78,SEPA
TX_236,USER_117,2026-05-07 07:31:00,108.63,SEPA
TX_237,USER_147,2026-05-22 20:12:00,38.65,SEPA
TX_238,USER_149,2026-05-01 01:33:00,184.78,Card
TX_239,USER_142,2026-05-03 00:24:00,-118.67,Card
TX_240,USER_111,2026-05-10 19:34:00,124.28,SEPA
TX_241,USER_108,2026-05-10 06:01:00,4.57,Card
TX_242,USER_116,2026-05-19 08:41:00,53.18,SEPA
TX_243,USER_104,2026-05-14 20:41:00,152.72,SEPA
TX_244,USER_123,2026-05-22 10:09:00,-68.25,Digital Euro
TX_245,USER_101,2026-05-21 02:50:00,-35.22,Digital Euro
TX_246,USER_128,2026-05-24 16:56:00,-134.35,Digital Euro
TX_247,USER_111,2026-05-14 06:29:00,-88.31,SEPA
TX_248,USER_106,2026-05-17 17:40:00,94.94,Digital Euro
TX_249,USER_117,2026-05-18 15:29:00,111.76,Digital Euro
TX_250,USER_107,2026-05-14 21:12:00,-102.98,Card
TX_251,USER_108,2026-05-25 06:39:00,-13.66,Digital Euro
TX_252,USER_107,2026-05-18 19:54:00,146.78,SEPA
TX_253,USER_107,2026-05-07 11:33:00,101.27,Card
TX_254,USER_114,2026-05-01 00:42:00,52.27,SEPA
TX_255,USER_122,2026-05-18 13:45:00,51.57,SEPA
TX_256,USER_121,2026-05-03 11:55:00,158.59,SEPA
TX_257,USER_133,2026-05-07 20:19:00,-44.51,Card
TX_258,USER_107,2026-05-23 13:05:00,197.9,Digital Euro
TX_259,USER_110,2026-05-07 21:42:00,-20.28,Card
TX_260,USER_141,2026-05-15 08:53:00,-142.76,SEPA
TX_261,USER_131,2026-05-19 13:20:00,-2.5,Digital Euro
TX_262,USER_107,2026-05-17 03:29:00,181.81,Card
TX_263,USER_109,2026-05-26 22:15:00,176.4,Card
TX_264,USER_143,2026-05-06 11:17:00,-51.58,SEPA
TX_265,USER_139,2026-05-08 21:23:00,-67.32,Digital Euro
TX_266,USER_115,2026-05-07 23:12:00,45.66,SEPA
TX_267,USER_123,2026-05-09 17:59:00,70.89,Card
TX_268,USER_113,2026-05-16 00:14:00,-44.71,SEPA
TX_269,USER_111,2026-05-21 20:55:00,165.47,Card
TX_270,USER_136,2026-05-12 22:53:00,96.56,Digital Euro
TX_271,USER_141,2026-05-02 09:04:00,-42.0,SEPA
TX_272,USER_110,2026-05-03 03:27:00,159.22,Digital Euro
TX_273,USER_120,2026-05-08 17:50:00,50.89,SEPA
TX_274,USER_148,2026-05-13 11:18:00,127.61,SEPA
TX_275,USER_144,2026-05-25 14:59:00,-61.2,Digital Euro
TX_276,USER_106,2026-05-28 09:56:00,-134.41,SEPA
TX_277,USER_138,2026-05-21 10:10:00,-86.21,Card
TX_278,USER_102,2026-05-21 22:02:00,-42.39,Digital Euro
TX_279,USER_122,2026-05-10 10:36:00,-20.98,SEPA
TX_280,USER_119,2026-05-04 18:16:00,92.84,Card
TX_281,USER_106,2026-05-02 17:16:00,41.74,SEPA
TX_282,USER_129,2026-05-18 20:11:00,47.88,Card
TX_283,USER_132,2026-05-26 06:55:00,-73.5,Digital Euro
TX_284,USER_101,2026-05-17 15:48:00,4.12,Digital Euro
TX_285,USER_148,2026-05-22 19:01:00,31.92,Digital Euro
TX_286,USER_128,2026-05-27 00:54:00,162.78,Card
TX_287,USER_101,2026-05-05 19:23:00,-33.03,SEPA
TX_288,USER_150,2026-05-05 01:42:00,41.06,Digital Euro
TX_289,USER_116,2026-05-14 17:41:00,-19.04,Card
TX_290,USER_128,2026-05-20 11:55:00,195.78,Digital Euro
TX_291,USER_117,2026-05-11 17:01:00,-3.83,Card
TX_292,USER_107,2026-05-19 23:51:00,-47.85,Digital Euro
TX_293,USER_112,2026-05-21 02:31:00,-122.22,Card
TX_294,USER_149,2026-05-09 16:09:00,-9.53,Digital Euro
TX_295,USER_100,2026-05-03 14:18:00,57.06,Card
TX_296,USER_129,2026-05-23 21:08:00,94.47,Card
TX_297,USER_103,2026-05-09 05:35:00,-75.68,Card
TX_298,USER_115,2026-05-25 08:57:00,-106.16,Digital Euro
TX_299,USER_145,2026-05-22 15:47:00,154.53,Digital Euro
TX_300,USER_141,2026-05-01 13:49:00,150.12,Card
TX_301,USER_100,2026-05-12 01:38:00,157.2,Card
TX_302,USER_150,2026-05-22 21:29:00,165.71,Digital Euro
TX_303,USER_108,2026-05-25 18:45:00,132.49,Card
TX_304,USER_128,2026-05-20 23:25:00,-47.06,Card
TX_305,USER_124,2026-05-07 07:49:00,86.05,Digital Euro
TX_306,USER_130,2026-05-01 08:50:00,-86.69,Digital Euro
TX_307,USER_127,2026-05-10 05:59:00,10.19,Digital Euro
TX_308,USER_126,2026-05-22 02:53:00,12.47,SEPA
TX_309,USER_106,2026-05-22 06:31:00,116.95,Card
TX_310,USER_100,2026-05-15 05:41:00,-88.1,Card
TX_311,USER_132,2026-05-04 21:45:00,36.97,SEPA
TX_312,USER_105,2026-05-07 13:53:00,-90.05,SEPA
TX_313,USER_122,2026-05-05 10:32:00,118.0,Card
TX_314,USER_102,2026-05-24 10:35:00,68.92,SEPA
TX_315,USER_132,2026-05-01 23:47:00,-64.22,Digital Euro
TX_316,USER_125,2026-05-09 23:13:00,141.0,Card
TX_317,USER_124,2026-05-02 03:48:00,-60.4,Digital Euro
TX_318,USER_145,2026-05-11 01:47:00,137.64,SEPA
TX_319,USER_102,2026-05-19 00:19:00,-61.94,SEPA
TX_320,USER_126,2026-05-19 20:25:00,-141.66,Card
TX_321,USER_129,2026-05-06 10:48:00,-112.2,Digital Euro
TX_322,USER_146,2026-05-26 15:48:00,111.05,Card
TX_323,USER_148,2026-05-24 10:19:00,-141.31,Digital Euro
TX_324,USER_107,2026-05-07 11:54:00,-45.81,SEPA
TX_325,USER_116,2026-05-06 10:46:00,32.88,Card
TX_326,USER_132,2026-05-28 10:11:00,-59.07,Digital Euro
TX_327,USER_146,2026-05-21 03:56:00,124.03,Digital Euro
TX_328,USER_110,2026-05-18 09:49:00,-143.4,SEPA
TX_329,USER_132,2026-05-13 16:49:00,-63.39,Digital Euro
TX_330,USER_125,2026-05-26 19:30:00,-53.96,SEPA
TX_331,USER_134,2026-05-17 19:51:00,-115.33,Card
TX_332,USER_139,2026-05-05 02:53:00,29.87,SEPA
TX_333,USER_129,2026-05-09 22:24:00,117.69,SEPA
TX_334,USER_127,2026-05-27 19:38:00,112.79,SEPA
TX_335,USER_144,2026-05-02 19:59:00,144.73,SEPA
TX_336,USER_122,2026-05-03 19:49:00,115.44,Card
TX_337,USER_133,2026-05-08 17:03:00,-44.49,SEPA
TX_338,USER_128,2026-05-25 23:22:00,-70.47,Digital Euro
TX_339,USER_114,2026-05-03 04:35:00,142.25,Card
TX_340,USER_129,2026-05-09 03:34:00,-96.57,Digital Euro
TX_341,USER_102,2026-05-11 08:17:00,66.26,Digital Euro
TX_342,USER_109,2026-05-19 10:46:00,137.69,Card
TX_343,USER_124,2026-05-14 20:09:00,12.59,SEPA
TX_344,USER_125,2026-05-07 01:56:00,-11.87,SEPA
TX_345,USER_137,2026-05-14 05:36:00,-128.5,SEPA
TX_346,USER_137,2026-05-28 12:51:00,175.05,Card
TX_347,USER_118,2026-05-11 08:11:00,144.13,SEPA
TX_348,USER_100,2026-05-14 13:50:00,29.58,SEPA
TX_349,USER_135,2026-05-09 23:29:00,-58.08,SEPA
TX_350,USER_105,2026-05-11 01:48:00,-48.77,SEPA
TX_351,USER_148,2026-05-20 02:01:00,-138.96,Card
TX_352,USER_149,2026-05-28 04:05:00,198.72,SEPA
TX_353,USER_134,2026-05-23 08:43:00,-114.2,SEPA
TX_354,USER_113,2026-05-15 21:57:00,27.5,SEPA
TX_355,USER_136,2026-05-04 20:46:00,189.78,SEPA
TX_356,USER_117,2026-05-22 15:40:00,18.38,SEPA
TX_357,USER_142,2026-05-14 06:38:00,33.59,Digital Euro
TX_358,USER_136,2026-05-25 12:42:00,22.23,SEPA
TX_359,USER_115,2026-05-06 12:11:00,-45.69,Digital Euro
TX_360,USER_110,2026-05-18 19:04:00,48.58,Digital Euro
TX_361,USER_115,2026-05-12 05:18:00,99.82,Card
TX_362,USER_121,2026-05-03 14:30:00,-111.6,Digital Euro
TX_363,USER_130,2026-05-28 08:23:00,-10.8,Digital Euro
TX_364,USER_114,2026-05-25 21:28:00,-134.11,Card
TX_365,USER_122,2026-05-06 22:17:00,58.54,SEPA
TX_366,USER_130,2026-05-05 22:06:00,-59.97,Digital Euro
TX_367,USER_132,2026-05-11 19:10:00,177.95,Card
TX_368,USER_139,2026-05-19 04:19:00,160.06,SEPA
TX_369,USER_135,2026-05-12 18:03:00,-22.04,SEPA
TX_370,USER_125,2026-05-22 06:25:00,151.04,SEPA
TX_371,USER_103,2026-05-12 12:46:00,62.35,Digital Euro
TX_372,USER_104,2026-05-15 12:59:00,138.42,SEPA
TX_373,USER_136,2026-05-22 23:13:00,-47.93,Card
TX_374,USER_149,2026-05-13 08:18:00,-114.48,Card
TX_375,USER_148,2026-05-12 06:21:00,84.75,SEPA
TX_376,USER_136,2026-05-01 22:12:00,-135.01,Digital Euro
TX_377,USER_112,2026-05-22 19:59:00,-21.81,Digital Euro
TX_378,USER_127,2026-05-10 17:14:00,-130.45,SEPA
TX_379,USER_144,2026-05-21 13:01:00,-73.85,Digital Euro
TX_380,USER_118,2026-05-12 21:29:00,68.48,SEPA
TX_381,USER_102,2026-05-06 13:01:00,-110.45,Digital Euro
TX_382,USER_109,2026-05-17 03:29:00,47.62,Card
TX_383,USER_124,2026-05-12 04:31:00,13.18,Digital Euro
TX_384,USER_136,2026-05-23 05:19:00,81.15,Card
TX_385,USER_118,2026-05-10 21:57:00,-9.1,Digital Euro
TX_386,USER_106,2026-05-24 16:25:00,3.49,SEPA
TX_387,USER_132,2026-05-06 17:36:00,-146.82,Card
TX_388,USER_121,2026-05-07 11:25:00,-119.88,Card
TX_389,USER_123,2026-05-07 05:33:00,187.9,SEPA
TX_390,USER_116,2026-05-06 08:29:00,-34.99,Card
TX_391,USER_107,2026-05-27 02:37:00,172.07,Card
TX_392,USER_141,2026-05-15 11:05:00,-16.18,Digital Euro
TX_393,USER_145,2026-05-09 22:14:00,-81.85,SEPA
TX_394,USER_148,2026-05-07 21:55:00,-102.1,SEPA
TX_395,USER_130,2026-05-27 22:43:00,193.74,SEPA
TX_396,USER_140,2026-05-19 14:26:00,-45.18,Card
TX_397,USER_141,2026-05-20 10:12:00,-124.75,Card
TX_398,USER_149,2026-05-05 14:07:00,8.0,Card
TX_399,USER_135,2026-05-12 07:36:00,-87.19,Card
TX_400,USER_130,2026-05-22 13:03:00,176.53,Digital Euro
TX_401,USER_114,2026-05-15 02:03:00,159.03,Card
TX_402,USER_113,2026-05-26 19:12:00,-25.16,Digital Euro
TX_403,USER_147,2026-05-15 12:03:00,94.88,Digital Euro
TX_404,USER_138,2026-05-21 08:34:00,15.78,SEPA
TX_405,USER_122,2026-05-03 12:40:00,190.36,Digital Euro
TX_406,USER_114,2026-05-08 22:16:00,-95.29,SEPA
TX_407,USER_118,2026-05-04 07:56:00,61.76,Card
TX_408,USER_135,2026-05-27 07:34:00,-26.52,SEPA
TX_409,USER_100,2026-05-17 11:14:00,99.59,Card
TX_410,USER_148,2026-05-08 03:33:00,-42.77,Digital Euro
TX_411,USER_123,2026-05-26 13:39:00,162.37,Digital Euro
TX_412,USER_135,2026-05-12 21:44:00,179.71,Digital Euro
TX_413,USER_137,2026-05-09 22:21:00,167.6,SEPA
TX_414,USER_144,2026-05-25 16:49:00,-142.72,Card
TX_415,USER_122,2026-05-12 09:38:00,-50.35,Card
TX_416,USER_144,2026-05-06 19:17:00,145.91,Card
TX_417,USER_114,2026-05-18 17:05:00,168.07,Card
TX_418,USER_114,2026-05-07 08:48:00,87.05,Card
TX_419,USER_103,2026-05-05 17:37:00,14.46,Card
TX_420,USER_122,2026-05-12 00:04:00,-142.64,Digital Euro
TX_421,USER_109,2026-05-03 13:34:00,-50.37,Card
TX_422,USER_117,2026-05-11 14:21:00,113.28,SEPA
TX_423,USER_125,2026-05-20 06:41:00,-84.33,SEPA
TX_424,USER_105,2026-05-04 17:12:00,160.06,Digital Euro
TX_425,USER_130,2026-05-13 17:06:00,37.34,SEPA
TX_426,USER_131,2026-05-22 05:40:00,74.59,SEPA
TX_427,USER_144,2026-05-11 13:22:00,-35.54,Card
TX_428,USER_121,2026-05-03 20:26:00,-10.53,Card
TX_429,USER_100,2026-05-25 19:35:00,-48.58,Digital Euro
TX_430,USER_141,2026-05-04 18:19:00,120.35,SEPA
TX_431,USER_127,2026-05-19 18:08:00,70.08,Digital Euro
TX_432,USER_129,2026-05-09 20:18:00,-13.5,SEPA
TX_433,USER_141,2026-05-19 23:40:00,-148.56,Digital Euro
TX_434,USER_150,2026-05-23 21:37:00,83.73,SEPA
TX_435,USER_125,2026-05-11 10:08:00,-48.14,Card
TX_436,USER_147,2026-05-23 20:48:00,56.55,SEPA
TX_437,USER_147,2026-05-07 03:35:00,120.09,SEPA
TX_438,USER_126,2026-05-07 12:35:00,-51.03,SEPA
TX_439,USER_116,2026-05-03 04:33:00,53.9,Card
TX_440,USER_141,2026-05-19 22:50:00,-2.25,Digital Euro
TX_441,USER_134,2026-05-20 03:42:00,180.13,Digital Euro
TX_442,USER_129,2026-05-22 04:31:00,88.89,Card
TX_443,USER_149,2026-05-21 17:05:00,-27.83,SEPA
TX_444,USER_123,2026-05-02 19:30:00,-88.67,Digital Euro
TX_445,USER_123,2026-05-16 07:19:00,-32.59,SEPA
TX_446,USER_140,2026-05-15 07:59:00,144.04,SEPA
TX_447,USER_109,2026-05-22 14:07:00,118.26,Card
TX_448,USER_124,2026-05-04 14:39:00,-31.01,SEPA
TX_449,USER_140,2026-05-15 22:55:00,-55.94,Card
TX_450,USER_144,2026-05-24 20:19:00,-95.69,SEPA
TX_451,USER_121,2026-05-01 23:49:00,-78.18,Card
TX_452,USER_138,2026-05-25 05:58:00,-11.07,Digital Euro
TX_453,USER_135,2026-05-21 07:46:00,-98.02,SEPA
TX_454,USER_132,2026-05-03 21:45:00,170.89,Digital Euro
TX_455,USER_131,2026-05-12 12:46:00,-43.6,Digital Euro
TX_456,USER_135,2026-05-10 15:18:00,186.61,Digital Euro
TX_457,USER_125,2026-05-02 21:43:00,49.58,Card
TX_458,USER_138,2026-05-15 12:17:00,173.56,SEPA
TX_459,USER_119,2026-05-21 21:52:00,183.31,SEPA
TX_460,USER_105,2026-05-26 11:22:00,9.34,Card
TX_461,USER_113,2026-05-16 08:03:00,18.7,Digital Euro
TX_462,USER_149,2026-05-13 23:51:00,-107.34,SEPA
TX_463,USER_117,2026-05-13 21:31:00,37.72,Card
TX_464,USER_137,2026-05-23 12:51:00,106.51,SEPA
TX_465,USER_141,2026-05-20 15:37:00,-17.13,Digital Euro
TX_466,USER_116,2026-05-20 17:52:00,41.62,Digital Euro
TX_467,USER_146,2026-05-14 06:07:00,-42.01,SEPA
TX_468,USER_119,2026-05-10 18:17:00,12.48,Card
TX_469,USER_138,2026-05-23 16:56:00,-85.02,Digital Euro
TX_470,USER_142,2026-05-27 03:12:00,88.42,Card
TX_471,USER_142,2026-05-04 13:43:00,44.86,Digital Euro
TX_472,USER_137,2026-05-08 01:45:00,13.5,SEPA
TX_473,USER_114,2026-05-10 11:59:00,161.98,Digital Euro
TX_474,USER_122,2026-05-18 23:25:00,-137.29,Digital Euro
TX_475,USER_149,2026-05-27 11:45:00,181.36,Card
TX_476,USER_110,2026-05-04 18:50:00,29.6,SEPA
TX_477,USER_148,2026-05-07 17:12:00,114.75,Card
TX_478,USER_138,2026-05-06 01:04:00,-71.39,Digital Euro
TX_479,USER_119,2026-05-17 23:30:00,79.0,SEPA
TX_480,USER_108,2026-05-07 20:39:00,65.79,Digital Euro
TX_481,USER_144,2026-05-21 04:46:00,-73.87,Digital Euro
TX_482,USER_117,2026-05-02 11:07:00,-149.79,Digital Euro
TX_483,USER_109,2026-05-13 12:08:00,51.7,Card
TX_484,USER_107,2026-05-02 11:26:00,37.2,SEPA
TX_485,USER_101,2026-05-18 14:24:00,110.63,SEPA
TX_486,USER_114,2026-05-08 14:56:00,5.44,SEPA
TX_487,USER_133,2026-05-19 16:18:00,-3.68,SEPA
TX_488,USER_133,2026-05-15 05:57:00,104.99,SEPA
TX_489,USER_111,2026-05-01 12:22:00,-12.01,Digital Euro
TX_490,USER_147,2026-05-27 20:32:00,195.3,Digital Euro
TX_491,USER_110,2026-05-27 17:28:00,109.77,Card
TX_492,USER_119,2026-05-27 00:19:00,146.76,Digital Euro
TX_493,USER_130,2026-05-06 10:12:00,166.73,Digital Euro
TX_494,USER_147,2026-05-10 05:43:00,-136.29,SEPA
TX_495,USER_142,2026-05-10 03:20:00,5.07,Digital Euro
TX_496,USER_141,2026-05-14 00:53:00,58.08,Digital Euro
TX_497,USER_124,2026-05-06 21:00:00,43.03,SEPA
TX_498,USER_114,2026-05-21 18:20:00,89.6,Digital Euro
TX_499,USER_106,2026-05-15 05:27:00,69.76,Card
TX_500,USER_116,2026-05-21 16:43:00,-11.64,Card
TX_501,USER_122,2026-05-05 08:19:00,74.7,Card
TX_502,USER_127,2026-05-06 00:20:00,21.07,Digital Euro
TX_503,USER_146,2026-05-10 14:15:00,-38.21,Card
TX_504,USER_126,2026-05-07 23:10:00,-100.71,Card
TX_505,USER_137,2026-05-22 18:31:00,106.82,Digital Euro
TX_506,USER_105,2026-05-25 21:50:00,-58.83,Digital Euro
TX_507,USER_130,2026-05-15 20:55:00,169.04,SEPA
TX_508,USER_111,2026-05-02 14:59:00,-39.87,SEPA
TX_509,USER_104,2026-05-24 22:40:00,-107.38,Card
TX_510,USER_131,2026-05-01 09:40:00,-0.14,Card
TX_511,USER_148,2026-05-09 22:14:00,-53.11,Digital Euro
TX_512,USER_108,2026-05-24 22:45:00,64.3,Card
TX_513,USER_144,2026-05-05 17:46:00,154.1,Card
TX_514,USER_139,2026-05-06 13:47:00,-117.4,Digital Euro
TX_515,USER_142,2026-05-15 05:51:00,-20.68,Card
TX_516,USER_115,2026-05-25 03:42:00,71.88,Card
TX_517,USER_115,2026-05-15 07:49:00,46.78,Digital Euro
TX_518,USER_113,2026-05-10 05:11:00,44.94,Digital Euro
TX_519,USER_141,2026-05-12 21:19:00,145.06,Card
TX_520,USER_117,2026-05-10 08:32:00,-126.18,Digital Euro
TX_521,USER_148,2026-05-23 08:21:00,-5.84,Card
TX_522,USER_115,2026-05-10 15:50:00,157.12,Digital Euro
TX_523,USER_143,2026-05-10 16:05:00,-107.25,Digital Euro
TX_524,USER_127,2026-05-06 13:20:00,-102.03,Digital Euro
TX_525,USER_142,2026-05-25 04:42:00,132.63,Digital Euro
TX_526,USER_109,2026-05-02 08:05:00,176.58,Digital Euro
TX_527,USER_126,2026-05-04 06:17:00,29.48,Card
TX_528,USER_120,2026-05-06 20:09:00,99.27,SEPA
TX_529,USER_112,2026-05-08 17:47:00,-82.23,Card
TX_530,USER_129,2026-05-05 12:26:00,-7.11,Digital Euro
TX_531,USER_130,2026-05-19 07:16:00,11.84,Digital Euro
TX_532,USER_150,2026-05-01 20:51:00,143.43,Card
TX_533,USER_134,2026-05-15 15:15:00,75.33,Card
TX_534,USER_112,2026-05-27 02:33:00,-96.66,Card
TX_535,USER_144,2026-05-01 23:34:00,-26.29,Card
TX_536,USER_136,2026-05-05 12:43:00,-60.01,SEPA
TX_537,USER_148,2026-05-21 14:40:00,92.12,Digital Euro
TX_538,USER_131,2026-05-09 11:58:00,179.06,SEPA
TX_539,USER_146,2026-05-23 23:30:00,171.43,SEPA
TX_540,USER_123,2026-05-23 13:34:00,-104.95,Card
TX_541,USER_106,2026-05-07 10:06:00,-75.92,Digital Euro
TX_542,USER_111,2026-05-23 05:15:00,66.75,SEPA
TX_543,USER_108,2026-05-21 03:53:00,121.31,Card
TX_544,USER_108,2026-05-24 03:25:00,-112.24,SEPA
TX_545,USER_121,2026-05-10 07:45:00,113.03,SEPA
TX_546,USER_141,2026-05-09 11:24:00,-99.59,SEPA
TX_547,USER_130,2026-05-28 07:16:00,-76.94,Digital Euro
TX_548,USER_147,2026-05-11 10:27:00,-30.44,Digital Euro
TX_549,USER_128,2026-05-11 03:38:00,-27.71,Digital Euro
TX_550,USER_145,2026-05-03 06:27:00,142.3,SEPA
TX_551,USER_125,2026-05-07 22:47:00,179.38,SEPA
TX_552,USER_144,2026-05-19 10:02:00,-95.89,Card
TX_553,USER_149,2026-05-03 10:28:00,76.88,Digital Euro
TX_554,USER_122,2026-05-04 00:05:00,197.47,Digital Euro
TX_555,USER_130,2026-05-28 05:42:00,-119.01,SEPA
TX_556,USER_149,2026-05-09 08:05:00,-100.27,SEPA
TX_557,USER_143,2026-05-22 14:04:00,137.73,Digital Euro
TX_558,USER_106,2026-05-23 08:16:00,-67.42,SEPA
TX_559,USER_143,2026-05-08 00:55:00,-89.33,SEPA
TX_560,USER_129,2026-05-04 23:17:00,153.27,Card
TX_561,USER_102,2026-05-02 21:12:00,59.99,Card
TX_562,USER_123,2026-05-23 16:58:00,70.19,Card
TX_563,USER_112,2026-05-19 15:49:00,160.35,SEPA
TX_564,USER_148,2026-05-06 19:16:00,160.72,Digital Euro
TX_565,USER_103,2026-05-13 17:40:00,-26.82,SEPA
TX_566,USER_136,2026-05-09 14:06:00,104.9,Digital Euro
TX_567,USER_117,2026-05-17 22:52:00,-32.67,Card
TX_568,USER_120,2026-05-08 11:50:00,-118.65,Card
TX_569,USER_136,2026-05-01 03:46:00,-114.4,Digital Euro
TX_570,USER_136,2026-05-25 03:19:00,-21.78,Digital Euro
TX_571,USER_147,2026-05-01 03:36:00,-140.13,Digital Euro
TX_572,USER_105,2026-05-25 19:56:00,-49.78,SEPA
TX_573,USER_145,2026-05-03 19:57:00,162.86,Card
TX_574,USER_136,2026-05-12 16:34:00,28.17,Card
TX_575,USER_126,2026-05-22 13:33:00,-81.86,SEPA
TX_576,USER_120,2026-05-21 01:19:00,177.83,Digital Euro
TX_577,USER_110,2026-05-12 23:25:00,154.29,SEPA
TX_578,USER_109,2026-05-18 18:50:00,197.49,Card
TX_579,USER_147,2026-05-05 10:40:00,32.37,SEPA
TX_580,USER_104,2026-05-17 13:01:00,-131.48,Digital Euro
TX_581,USER_113,2026-05-21 22:24:00,121.31,Digital Euro
TX_582,USER_106,2026-05-13 00:03:00,-132.62,SEPA
TX_583,USER_141,2026-05-03 10:56:00,88.42,Digital Euro
TX_584,USER_113,2026-05-15 12:02:00,41.76,Card
TX_585,USER_150,2026-05-24 08:25:00,175.34,Card
TX_586,USER_136,2026-05-14 21:54:00,-135.29,Card
TX_587,USER_148,2026-05-27 00:58:00,167.84,Card
TX_588,USER_148,2026-05-24 15:09:00,77.2,Card
TX_589,USER_111,2026-05-16 02:35:00,95.17,Card
TX_590,USER_124,2026-05-12 05:35:00,-39.51,Card
TX_591,USER_148,2026-05-04 12:44:00,-130.38,SEPA
TX_592,USER_134,2026-05-16 22:19:00,-54.34,Card
TX_593,USER_147,2026-05-06 15:31:00,-120.66,SEPA
TX_594,USER_140,2026-05-15 08:28:00,131.29,Digital Euro
TX_595,USER_132,2026-05-01 03:26:00,74.67,Card
TX_596,USER_100,2026-05-14 19:31:00,-47.58,SEPA
TX_597,USER_134,2026-05-14 03:03:00,169.59,SEPA
TX_598,USER_141,2026-05-15 22:24:00,51.33,Card
TX_599,USER_142,2026-05-15 04:43:00,-34.81,Digital Euro
TX_600,USER_118,2026-05-26 12:50:00,136.75,Digital Euro
TX_601,USER_100,2026-05-14 22:47:00,-97.43,Card
TX_602,USER_117,2026-05-14 01:37:00,-132.34,Digital Euro
TX_603,USER_120,2026-05-27 15:46:00,-57.5,Card
TX_604,USER_125,2026-05-28 11:57:00,-36.58,Card
TX_605,USER_114,2026-05-04 19:25:00,48.92,SEPA
TX_606,USER_104,2026-05-09 18:52:00,105.32,SEPA
TX_607,USER_109,2026-05-22 13:30:00,42.94,Card
TX_608,USER_115,2026-05-22 19:53:00,64.52,Digital Euro
TX_609,USER_150,2026-05-12 18:25:00,127.98,Digital Euro
TX_610,USER_105,2026-05-04 17:19:00,115.33,Card
TX_611,USER_123,2026-05-08 14:08:00,-122.19,Digital Euro
TX_612,USER_142,2026-05-24 19:12:00,24.45,Digital Euro
TX_613,USER_100,2026-05-19 17:59:00,-32.96,SEPA
TX_614,USER_101,2026-05-20 09:24:00,-65.06,SEPA
TX_615,USER_101,2026-05-14 14:29:00,158.47,Card
TX_616,USER_100,2026-05-18 11:16:00,-0.78,Card
TX_617,USER_138,2026-05-27 09:20:00,138.47,SEPA
TX_618,USER_118,2026-05-12 11:30:00,136.88,Card
TX_619,USER_136,2026-05-10 09:10:00,-140.03,Digital Euro
TX_620,USER_138,2026-05-27 19:40:00,-22.62,Digital Euro
TX_621,USER_130,2026-05-14 12:36:00,102.23,Digital Euro
TX_622,USER_114,2026-05-22 16:33:00,139.8,Digital Euro
TX_623,USER_115,2026-05-05 18:30:00,194.95,SEPA
TX_624,USER_110,2026-05-12 04:21:00,-120.88,Digital Euro
TX_625,USER_138,2026-05-18 08:54:00,-138.75,SEPA
TX_626,USER_102,2026-05-18 02:41:00,152.96,Card
TX_627,USER_142,2026-05-09 07:40:00,-90.09,SEPA
TX_628,USER_105,2026-05-23 14:06:00,-42.5,Digital Euro
TX_629,USER_147,2026-05-07 08:20:00,-89.66,Digital Euro
TX_630,USER_127,2026-05-24 10:23:00,119.97,Card
TX_631,USER_119,2026-05-08 00:33:00,-0.19,Card
TX_632,USER_100,2026-05-16 09:16:00,-50.11,SEPA
TX_633,USER_122,2026-05-05 02:22:00,-94.66,Digital Euro
TX_634,USER_123,2026-05-10 22:45:00,199.9,Digital Euro
TX_635,USER_106,2026-05-10 01:49:00,-143.29,Card
TX_636,USER_145,2026-05-22 09:07:00,143.27,Card
TX_637,USER_121,2026-05-25 00:40:00,173.58,Card
TX_638,USER_119,2026-05-04 22:30:00,110.18,Digital Euro
TX_639,USER_106,2026-05-23 02:12:00,161.12,SEPA
TX_640,USER_103,2026-05-04 03:34:00,108.47,Digital Euro
TX_641,USER_115,2026-05-02 03:08:00,-49.77,SEPA
TX_642,USER_138,2026-05-16 07:36:00,81.76,Digital Euro
TX_643,USER_127,2026-05-01 17:41:00,-97.72,SEPA
TX_644,USER_125,2026-05-12 02:34:00,128.57,SEPA
TX_645,USER_142,2026-05-11 23:14:00,134.75,Card
TX_646,USER_143,2026-05-06 22:05:00,142.66,Digital Euro
TX_647,USER_138,2026-05-26 22:22:00,12.46,SEPA
TX_648,USER_148,2026-05-07 03:53:00,-115.58,Digital Euro
TX_649,USER_147,2026-05-17 18:33:00,101.4,SEPA
TX_650,USER_120,2026-05-18 11:12:00,99.5,Card
TX_651,USER_124,2026-05-03 18:52:00,75.89,Digital Euro
TX_652,USER_119,2026-05-09 15:46:00,-53.33,Digital Euro
TX_653,USER_120,2026-05-24 04:01:00,114.42,SEPA
TX_654,USER_125,2026-05-20 07:30:00,132.72,SEPA
TX_655,USER_143,2026-05-19 04:15:00,33.95,Card
TX_656,USER_132,2026-05-16 01:10:00,89.9,SEPA
TX_657,USER_127,2026-05-12 23:37:00,124.54,Digital Euro
TX_658,USER_105,2026-05-22 01:26:00,-63.89,SEPA
TX_659,USER_149,2026-05-04 01:57:00,159.12,Digital Euro
TX_660,USER_125,2026-05-05 08:24:00,75.09,SEPA
TX_661,USER_134,2026-05-09 10:33:00,107.78,Digital Euro
TX_662,USER_111,2026-05-23 14:43:00,166.38,SEPA
TX_663,USER_101,2026-05-02 22:26:00,-109.63,Card
TX_664,USER_110,2026-05-21 06:40:00,-132.09,Card
TX_665,USER_107,2026-05-26 23:38:00,78.14,Card
TX_666,USER_127,2026-05-07 04:03:00,54.58,Card
TX_667,USER_138,2026-05-07 12:20:00,23.94,Card
TX_668,USER_131,2026-05-09 11:36:00,7.75,SEPA
TX_669,USER_111,2026-05-03 20:45:00,31.09,SEPA
TX_670,USER_136,2026-05-25 14:41:00,172.74,SEPA
TX_671,USER_126,2026-05-14 06:51:00,-16.68,Digital Euro
TX_672,USER_126,2026-05-20 16:30:00,89.11,Digital Euro
TX_673,USER_106,2026-05-01 19:53:00,90.25,Digital Euro
TX_674,USER_128,2026-05-25 22:24:00,-123.99,Card
TX_675,USER_114,2026-05-24 04:52:00,197.69,Digital Euro
TX_676,USER_150,2026-05-20 15:10:00,60.39,Card
TX_677,USER_123,2026-05-12 20:04:00,186.38,SEPA
TX_678,USER_139,2026-05-08 21:43:00,-2.67,SEPA
TX_679,USER_107,2026-05-01 01:15:00,5.75,Card
TX_680,USER_120,2026-05-13 16:47:00,87.46,SEPA
TX_681,USER_115,2026-05-24 21:38:00,-130.0,Digital Euro
TX_682,USER_133,2026-05-07 04:44:00,-23.77,Card
TX_683,USER_106,2026-05-26 04:26:00,190.93,Digital Euro
TX_684,USER_136,2026-05-13 02:08:00,168.98,SEPA
TX_685,USER_120,2026-05-03 04:52:00,-62.25,SEPA
TX_686,USER_150,2026-05-26 15:29:00,84.85,SEPA
TX_687,USER_120,2026-05-11 13:50:00,166.79,Card
TX_688,USER_143,2026-05-20 19:25:00,196.95,Digital Euro
TX_689,USER_144,2026-05-14 06:16:00,-55.49,Digital Euro
TX_690,USER_115,2026-05-08 13:04:00,129.89,Card
TX_691,USER_136,2026-05-13 18:36:00,-125.39,Digital Euro
TX_692,USER_146,2026-05-25 02:33:00,17.11,Card
TX_693,USER_108,2026-05-16 13:38:00,-143.47,Digital Euro
TX_694,USER_105,2026-05-07 15:15:00,29.54,Card
TX_695,USER_112,2026-05-04 10:52:00,20.93,SEPA
TX_696,USER_138,2026-05-27 18:13:00,147.35,Digital Euro
TX_697,USER_136,2026-05-03 06:37:00,60.64,SEPA
TX_698,USER_101,2026-05-08 18:04:00,30.59,SEPA
TX_699,USER_121,2026-05-16 08:44:00,135.41,SEPA
TX_700,USER_123,2026-05-01 04:04:00,-99.95,Digital Euro
TX_701,USER_113,2026-05-14 13:05:00,101.05,SEPA
TX_702,USER_118,2026-05-07 19:12:00,142.14,SEPA
TX_703,USER_110,2026-05-10 19:40:00,6.82,SEPA
TX_704,USER_122,2026-05-16 01:14:00,102.48,SEPA
TX_705,USER_133,2026-05-23 22:26:00,106.67,Digital Euro
TX_706,USER_102,2026-05-07 14:23:00,-94.87,SEPA
TX_707,USER_148,2026-05-12 18:40:00,-87.94,Digital Euro
TX_708,USER_129,2026-05-21 16:17:00,64.93,Card
TX_709,USER_105,2026-05-23 07:54:00,143.13,Card
TX_710,USER_119,2026-05-07 20:19:00,-97.09,Card
TX_711,USER_149,2026-05-22 06:53:00,110.53,Digital Euro
TX_712,USER_113,2026-05-19 20:52:00,40.24,Card
TX_713,USER_140,2026-05-17 19:36:00,39.58,Card
TX_714,USER_112,2026-05-04 03:22:00,108.37,Digital Euro
TX_715,USER_122,2026-05-09 04:38:00,138.66,Digital Euro
TX_716,USER_113,2026-05-19 10:15:00,188.21,Card
TX_717,USER_104,2026-05-12 17:58:00,83.61,Digital Euro
TX_718,USER_103,2026-05-21 05:50:00,174.28,Card
TX_719,USER_144,2026-05-17 10:11:00,-103.15,SEPA
TX_720,USER_130,2026-05-20 07:10:00,184.42,Card
TX_721,USER_109,2026-05-24 12:27:00,-136.18,Digital Euro
TX_722,USER_130,2026-05-21 08:21:00,122.58,Card
TX_723,USER_146,2026-05-07 03:44:00,-88.4,Digital Euro
TX_724,USER_124,2026-05-26 05:46:00,103.71,SEPA
TX_725,USER_112,2026-05-13 10:03:00,6.78,SEPA
TX_726,USER_114,2026-05-13 01:06:00,62.32,Digital Euro
TX_727,USER_138,2026-05-11 03:56:00,-52.86,Card
TX_728,USER_115,2026-05-09 18:51:00,150.79,Digital Euro
TX_729,USER_145,2026-05-22 22:12:00,112.88,SEPA
TX_730,USER_147,2026-05-02 00:46:00,133.56,SEPA
TX_731,USER_110,2026-05-15 09:55:00,193.7,SEPA
TX_732,USER_116,2026-05-09 00:30:00,181.23,Card
TX_733,USER_146,2026-05-20 12:11:00,-63.99,Digital Euro
TX_734,USER_149,2026-05-09 18:32:00,-27.16,SEPA
TX_735,USER_136,2026-05-23 02:21:00,154.98,Digital Euro
TX_736,USER_113,2026-05-13 05:10:00,-5.36,SEPA
TX_737,USER_146,2026-05-15 22:06:00,-110.43,SEPA
TX_738,USER_105,2026-05-15 16:45:00,-35.91,Digital Euro
TX_739,USER_135,2026-05-12 01:57:00,-33.4,Digital Euro
TX_740,USER_114,2026-05-15 04:31:00,-135.36,Card
TX_741,USER_130,2026-05-24 23:27:00,-11.15,SEPA
TX_742,USER_109,2026-05-13 00:07:00,-55.29,SEPA
TX_743,USER_149,2026-05-24 22:41:00,47.66,Card
TX_744,USER_140,2026-05-19 02:23:00,133.92,Digital Euro
TX_745,USER_109,2026-05-15 04:22:00,48.98,Card
TX_746,USER_120,2026-05-23 23:55:00,-47.59,Card
TX_747,USER_114,2026-05-17 03:36:00,132.74,Digital Euro
TX_748,USER_123,2026-05-15 05:44:00,133.46,Card
TX_749,USER_109,2026-05-06 20:50:00,-34.9,SEPA
TX_750,USER_117,2026-05-01 07:06:00,-75.63,SEPA
TX_751,USER_130,2026-05-24 17:05:00,-118.78,SEPA
TX_752,USER_132,2026-05-23 02:00:00,150.22,Digital Euro
TX_753,USER_138,2026-05-16 17:35:00,16.38,SEPA
TX_754,USER_112,2026-05-27 16:29:00,137.44,SEPA
TX_755,USER_123,2026-05-08 07:54:00,-60.54,SEPA
TX_756,USER_108,2026-05-10 03:16:00,-12.84,Digital Euro
TX_757,USER_113,2026-05-14 06:38:00,31.03,SEPA
TX_758,USER_132,2026-05-25 13:04:00,83.06,Card
TX_759,USER_107,2026-05-09 11:12:00,131.36,SEPA
TX_760,USER_100,2026-05-08 23:10:00,-70.17,Card
TX_761,USER_107,2026-05-24 06:55:00,-64.05,Card
TX_762,USER_127,2026-05-19 17:13:00,-133.12,Card
TX_763,USER_150,2026-05-04 12:01:00,139.94,Digital Euro
TX_764,USER_104,2026-05-14 15:57:00,-135.61,SEPA
TX_765,USER_117,2026-05-15 16:47:00,-138.82,Digital Euro
TX_766,USER_129,2026-05-17 14:17:00,-9.65,Digital Euro
TX_767,USER_117,2026-05-24 20:09:00,-112.56,Digital Euro
TX_768,USER_148,2026-05-24 04:21:00,41.99,Digital Euro
TX_769,USER_136,2026-05-01 12:27:00,156.81,Digital Euro
TX_770,USER_100,2026-05-22 22:30:00,-56.53,Digital Euro
TX_771,USER_116,2026-05-15 05:22:00,188.82,Card
TX_772,USER_106,2026-05-18 14:28:00,65.67,Digital Euro
TX_773,USER_113,2026-05-06 17:50:00,198.47,Card
TX_774,USER_111,2026-05-09 02:50:00,53.99,SEPA
TX_775,USER_138,2026-05-09 19:22:00,187.94,SEPA
TX_776,USER_144,2026-05-13 01:19:00,-62.16,Card
TX_777,USER_118,2026-05-16 19:22:00,-125.33,Digital Euro
TX_778,USER_140,2026-05-05 08:52:00,-141.11,Digital Euro
TX_779,USER_139,2026-05-12 08:21:00,159.37,Digital Euro
TX_780,USER_130,2026-05-05 00:23:00,109.7,Digital Euro
TX_781,USER_124,2026-05-11 04:32:00,-110.66,SEPA
TX_782,USER_107,2026-05-15 06:45:00,122.74,Digital Euro
TX_783,USER_109,2026-05-27 16:39:00,-13.42,SEPA
TX_784,USER_110,2026-05-11 20:50:00,-83.17,Card
TX_785,USER_124,2026-05-06 19:53:00,178.81,SEPA
TX_786,USER_122,2026-05-10 11:02:00,161.91,Digital Euro
TX_787,USER_136,2026-05-11 06:51:00,47.47,Digital Euro
TX_788,USER_109,2026-05-16 21:31:00,135.93,Digital Euro
TX_789,USER_135,2026-05-10 05:25:00,-2.73,Card
TX_790,USER_101,2026-05-06 01:03:00,-89.32,Digital Euro
TX_791,USER_108,2026-05-24 19:15:00,-93.71,Card
TX_792,USER_104,2026-05-20 22:00:00,9.08,Digital Euro
TX_793,USER_101,2026-05-24 13:34:00,-38.28,Digital Euro
TX_794,USER_102,2026-05-17 21:30:00,75.87,SEPA
TX_795,USER_101,2026-05-16 06:42:00,15.52,SEPA
TX_796,USER_126,2026-05-10 00:27:00,-120.17,Card
TX_797,USER_148,2026-05-02 14:29:00,-92.19,SEPA
TX_798,USER_131,2026-05-10 13:38:00,54.12,Digital Euro
TX_799,USER_116,2026-05-23 04:13:00,-28.89,Digital Euro
TX_800,USER_143,2026-05-16 20:47:00,189.94,SEPA
TX_801,USER_134,2026-05-27 19:31:00,145.47,SEPA
TX_802,USER_124,2026-05-10 07:21:00,119.53,SEPA
TX_803,USER_101,2026-05-25 12:07:00,106.11,Digital Euro
TX_804,USER_133,2026-05-13 00:01:00,-46.63,Digital Euro
TX_805,USER_122,2026-05-27 06:03:00,-44.56,Digital Euro
TX_806,USER_132,2026-05-20 11:04:00,121.81,Card
TX_807,USER_105,2026-05-27 14:04:00,172.83,SEPA
TX_808,USER_139,2026-05-02 12:34:00,139.28,SEPA
TX_809,USER_147,2026-05-03 19:33:00,179.62,SEPA
TX_810,USER_134,2026-05-22 10:37:00,96.99,Digital Euro
TX_811,USER_103,2026-05-07 22:32:00,100.32,Digital Euro
TX_812,USER_140,2026-05-11 19:59:00,153.55,Digital Euro
TX_813,USER_112,2026-05-24 00:42:00,79.57,Digital Euro
TX_814,USER_125,2026-05-04 19:27:00,52.61,Card
TX_815,USER_148,2026-05-15 17:54:00,-112.54,Card
TX_816,USER_125,2026-05-11 06:30:00,103.04,Card
TX_817,USER_106,2026-05-14 10:07:00,52.94,Card
TX_818,USER_106,2026-05-14 13:39:00,47.62,Card
TX_819,USER_137,2026-05-10 00:07:00,92.65,SEPA
TX_820,USER_107,2026-05-26 19:04:00,88.99,SEPA
TX_821,USER_143,2026-05-12 15:55:00,-14.17,Digital Euro
TX_822,USER_150,2026-05-23 10:58:00,-140.92,Digital Euro
TX_823,USER_111,2026-05-27 04:32:00,-141.2,SEPA
TX_824,USER_105,2026-05-23 19:17:00,-22.9,SEPA
TX_825,USER_103,2026-05-07 08:01:00,148.14,Card
TX_826,USER_120,2026-05-14 06:24:00,24.43,Digital Euro
TX_827,USER_120,2026-05-21 09:32:00,-90.62,Card
TX_828,USER_140,2026-05-03 17:42:00,117.63,Digital Euro
TX_829,USER_111,2026-05-20 10:41:00,167.84,Card
TX_830,USER_109,2026-05-28 12:50:00,15.85,SEPA
TX_831,USER_107,2026-05-21 21:27:00,143.66,Card
TX_832,USER_116,2026-05-05 01:58:00,-127.77,Card
TX_833,USER_108,2026-05-06 04:02:00,182.17,Card
TX_834,USER_108,2026-05-24 10:58:00,-54.94,Card
TX_835,USER_118,2026-05-09 23:13:00,-8.41,Digital Euro
TX_836,USER_130,2026-05-14 10:02:00,24.61,SEPA
TX_837,USER_104,2026-05-14 09:05:00,15.59,Digital Euro
TX_838,USER_137,2026-05-15 15:47:00,-68.14,SEPA
TX_839,USER_143,2026-05-14 07:08:00,90.98,Card
TX_840,USER_118,2026-05-10 14:21:00,-70.92,Digital Euro
TX_841,USER_133,2026-05-17 03:29:00,-147.86,Digital Euro
TX_842,USER_112,2026-05-02 02:22:00,176.83,SEPA
TX_843,USER_105,2026-05-04 21:44:00,-117.44,Card
TX_844,USER_129,2026-05-09 13:15:00,43.54,SEPA
TX_845,USER_141,2026-05-08 15:06:00,-58.61,SEPA
TX_846,USER_108,2026-05-11 11:59:00,84.22,Digital Euro
TX_847,USER_140,2026-05-18 18:02:00,111.07,SEPA
TX_848,USER_128,2026-05-17 04:50:00,12.21,SEPA
TX_849,USER_124,2026-05-02 14:59:00,-80.38,Digital Euro
TX_850,USER_100,2026-05-25 02:32:00,171.9,Digital Euro
TX_851,USER_146,2026-05-17 11:24:00,96.9,Card
TX_852,USER_125,2026-05-10 08:24:00,147.79,SEPA
TX_853,USER_111,2026-05-02 09:30:00,-144.47,Digital Euro
TX_854,USER_100,2026-05-11 02:05:00,-39.24,SEPA
TX_855,USER_124,2026-05-04 14:09:00,-22.7,Card
TX_856,USER_125,2026-05-06 17:09:00,162.25,SEPA
TX_857,USER_122,2026-05-06 19:49:00,110.14,Digital Euro
TX_858,USER_141,2026-05-14 13:05:00,-103.32,Card
TX_859,USER_150,2026-05-02 20:09:00,-98.47,Digital Euro
TX_860,USER_101,2026-05-28 09:30:00,82.36,Digital Euro
TX_861,USER_111,2026-05-18 16:18:00,185.24,Card
TX_862,USER_104,2026-05-20 18:45:00,-146.89,Card
TX_863,USER_131,2026-05-21 21:01:00,99.4,Card
TX_864,USER_101,2026-05-24 23:17:00,-90.27,Card
TX_865,USER_103,2026-05-16 14:36:00,151.74,SEPA
TX_866,USER_139,2026-05-01 05:32:00,50.6,Card
TX_867,USER_142,2026-05-06 01:25:00,-124.26,SEPA
TX_868,USER_100,2026-05-19 20:34:00,-44.84,SEPA
TX_869,USER_113,2026-05-08 00:58:00,150.47,Digital Euro
TX_870,USER_114,2026-05-24 21:57:00,122.32,Card
TX_871,USER_123,2026-05-14 22:09:00,-74.02,SEPA
TX_872,USER_118,2026-05-01 22:34:00,-75.71,Card
TX_873,USER_106,2026-05-20 04:08:00,-132.4,SEPA
TX_874,USER_139,2026-05-12 09:46:00,-39.44,SEPA
TX_875,USER_103,2026-05-27 13:12:00,-26.58,Card
TX_876,USER_126,2026-05-27 04:02:00,-21.78,SEPA
TX_877,USER_110,2026-05-23 03:56:00,74.92,Digital Euro
TX_878,USER_144,2026-05-21 10:25:00,136.99,Digital Euro
TX_879,USER_145,2026-05-12 06:16:00,-57.91,SEPA
TX_880,USER_147,2026-05-07 23:49:00,-32.17,SEPA
TX_881,USER_145,2026-05-26 11:15:00,-28.75,Card
TX_882,USER_110,2026-05-01 18:28:00,148.51,Card
TX_883,USER_129,2026-05-10 04:14:00,23.54,Card
TX_884,USER_116,2026-05-27 11:42:00,102.27,SEPA
TX_885,USER_110,2026-05-21 13:51:00,-78.53,SEPA
TX_886,USER_150,2026-05-14 10:33:00,149.5,SEPA
TX_887,USER_122,2026-05-21 01:00:00,-20.58,Card
TX_888,USER_131,2026-05-24 21:20:00,9.41,Digital Euro
TX_889,USER_123,2026-05-16 01:06:00,-146.07,SEPA
TX_890,USER_119,2026-05-04 21:05:00,-132.97,SEPA
TX_891,USER_138,2026-05-23 15:43:00,-83.0,Card
TX_892,USER_144,2026-05-13 06:27:00,42.11,Digital Euro
TX_893,USER_133,2026-05-23 11:02:00,22.62,Card
TX_894,USER_140,2026-05-01 15:34:00,92.64,Card
TX_895,USER_126,2026-05-20 04:49:00,92.61,Card
TX_896,USER_108,2026-05-07 19:42:00,25.32,SEPA
TX_897,USER_131,2026-05-23 12:02:00,-29.81,Digital Euro
TX_898,USER_133,2026-05-20 05:17:00,133.54,Card
TX_899,USER_128,2026-05-28 07:28:00,-133.13,Card
TX_900,USER_127,2026-05-20 07:06:00,-79.91,Card
TX_901,USER_113,2026-05-25 13:37:00,-117.49,SEPA
TX_902,USER_145,2026-05-05 21:19:00,-50.17,Card
TX_903,USER_133,2026-05-24 08:03:00,47.5,Card
TX_904,USER_102,2026-05-21 02:42:00,126.33,Digital Euro
TX_905,USER_116,2026-05-07 04:34:00,89.02,Card
TX_906,USER_140,2026-05-03 10:57:00,6.71,Card
TX_907,USER_117,2026-05-02 11:50:00,-34.79,SEPA
TX_908,USER_126,2026-05-17 22:20:00,-110.09,Digital Euro
TX_909,USER_114,2026-05-05 09:36:00,182.14,SEPA
TX_910,USER_107,2026-05-21 14:17:00,-148.29,Digital Euro
TX_911,USER_116,2026-05-23 10:37:00,-55.83,SEPA
TX_912,USER_100,2026-05-16 20:08:00,-43.72,SEPA
TX_913,USER_100,2026-05-06 13:19:00,-2.24,SEPA
TX_914,USER_129,2026-05-13 06:39:00,68.94,Card
TX_915,USER_144,2026-05-04 07:58:00,-55.85,Card
TX_916,USER_114,2026-05-02 11:41:00,-95.08,Digital Euro
TX_917,USER_107,2026-05-15 01:08:00,96.73,SEPA
TX_918,USER_107,2026-05-03 17:56:00,154.82,SEPA
TX_919,USER_113,2026-05-17 11:13:00,73.67,Card
TX_920,USER_115,2026-05-05 22:13:00,-54.12,Card
TX_921,USER_150,2026-05-22 01:26:00,-50.78,SEPA
TX_922,USER_106,2026-05-24 11:11:00,-87.9,SEPA
TX_923,USER_105,2026-05-18 22:26:00,115.18,Card
TX_924,USER_143,2026-05-02 23:13:00,92.3,Card
TX_925,USER_126,2026-05-28 06:16:00,-66.36,SEPA
TX_926,USER_110,2026-05-15 20:28:00,149.01,Digital Euro
TX_927,USER_116,2026-05-04 01:45:00,136.12,Digital Euro
TX_928,USER_142,2026-05-22 10:46:00,114.0,Card
TX_929,USER_107,2026-05-24 23:08:00,198.61,Card
TX_930,USER_106,2026-05-28 08:55:00,-109.43,Digital Euro
TX_931,USER_110,2026-05-11 19:19:00,49.15,SEPA
TX_932,USER_120,2026-05-21 10:05:00,-149.94,Card
TX_933,USER_149,2026-05-04 15:57:00,-125.58,Digital Euro
TX_934,USER_145,2026-05-21 18:12:00,76.91,Card
TX_935,USER_117,2026-05-06 18:11:00,144.78,Digital Euro
TX_936,USER_134,2026-05-13 07:06:00,157.04,Card
TX_937,USER_123,2026-05-26 14:37:00,178.34,Card
TX_938,USER_147,2026-05-26 14:07:00,-101.07,Card
TX_939,USER_101,2026-05-21 22:10:00,-148.4,SEPA
TX_940,USER_131,2026-05-22 06:26:00,-22.95,Digital Euro
TX_941,USER_130,2026-05-15 13:59:00,138.58,Card
TX_942,USER_132,2026-05-19 17:44:00,-123.32,SEPA
TX_943,USER_116,2026-05-03 23:29:00,-115.46,Digital Euro
TX_944,USER_146,2026-05-11 12:21:00,87.98,Digital Euro
TX_945,USER_145,2026-05-15 04:50:00,122.74,SEPA
TX_946,USER_127,2026-05-09 07:53:00,173.7,Card
TX_947,USER_142,2026-05-08 16:35:00,-139.08,Digital Euro
TX_948,USER_117,2026-05-07 06:29:00,-147.41,Digital Euro
TX_949,USER_114,2026-05-19 21:20:00,-51.57,Card
TX_950,USER_132,2026-05-17 03:57:00,91.92,SEPA
TX_951,USER_130,2026-05-23 04:26:00,-44.54,Card
TX_952,USER_144,2026-05-15 09:58:00,41.53,SEPA
TX_953,USER_116,2026-05-12 21:46:00,32.95,Digital Euro
TX_954,USER_143,2026-05-13 18:02:00,-111.62,Digital Euro
TX_955,USER_134,2026-05-06 04:45:00,198.51,Digital Euro
TX_956,USER_131,2026-05-21 19:06:00,-147.92,SEPA
TX_957,USER_146,2026-05-26 18:44:00,51.94,SEPA
TX_958,USER_118,2026-05-22 18:34:00,34.64,Card
TX_959,USER_117,2026-05-07 21:38:00,157.81,SEPA
TX_960,USER_148,2026-05-26 19:14:00,65.51,Digital Euro
TX_961,USER_112,2026-05-27 15:38:00,-124.14,SEPA
TX_962,USER_104,2026-05-26 22:29:00,53.26,Digital Euro
TX_963,USER_148,2026-05-14 11:47:00,13.07,Card
TX_964,USER_133,2026-05-25 10:13:00,35.71,Card
TX_965,USER_112,2026-05-02 01:07:00,194.89,Card
TX_966,USER_130,2026-05-08 04:12:00,4.27,Digital Euro
TX_967,USER_101,2026-05-19 10:14:00,11.1,Digital Euro
TX_968,USER_106,2026-05-25 13:52:00,-107.22,Digital Euro
TX_969,USER_150,2026-05-15 04:49:00,-0.34,SEPA
TX_970,USER_142,2026-05-02 21:05:00,-124.97,Digital Euro
TX_971,USER_127,2026-05-20 08:24:00,-97.72,SEPA
TX_972,USER_112,2026-05-01 19:20:00,106.96,Card
TX_973,USER_150,2026-05-08 00:20:00,186.0,SEPA
TX_974,USER_102,2026-05-11 13:55:00,-38.76,Card
TX_975,USER_145,2026-05-13 20:00:00,169.05,Digital Euro
TX_976,USER_100,2026-05-28 05:26:00,33.39,Card
TX_977,USER_142,2026-05-08 13:47:00,31.41,Digital Euro
TX_978,USER_122,2026-05-13 17:00:00,103.44,SEPA
TX_979,USER_144,2026-05-12 22:22:00,63.1,SEPA
TX_980,USER_108,2026-05-28 01:30:00,-21.38,SEPA
TX_981,USER_113,2026-05-14 03:58:00,112.72,Card
TX_982,USER_121,2026-05-26 12:15:00,157.03,Card
TX_983,USER_100,2026-05-24 17:51:00,-136.56,Card
TX_984,USER_102,2026-05-13 13:10:00,-74.69,Digital Euro
TX_985,USER_127,2026-05-15 07:16:00,-137.34,SEPA
TX_986,USER_148,2026-05-18 00:19:00,-29.17,SEPA
TX_987,USER_137,2026-05-26 07:21:00,52.23,SEPA
TX_988,USER_111,2026-05-14 12:08:00,80.79,Card
TX_989,USER_141,2026-05-20 18:35:00,27.02,SEPA
TX_990,USER_106,2026-05-15 20:00:00,86.74,SEPA
TX_991,USER_139,2026-05-24 17:23:00,93.91,SEPA
TX_992,USER_103,2026-05-15 04:36:00,153.53,Digital Euro
TX_993,USER_146,2026-05-01 09:33:00,-51.94,Card
TX_994,USER_122,2026-05-20 17:39:00,-44.44,Card
TX_995,USER_137,2026-05-19 21:21:00,-41.85,SEPA
TX_996,USER_125,2026-05-08 02:19:00,-107.36,Card
TX_997,USER_105,2026-05-04 05:29:00,166.09,SEPA
TX_998,USER_121,2026-05-24 06:26:00,-117.55,Card
TX_999,USER_110,2026-05-14 19:53:00,190.98,Digital Euro
